NO,Row Labels, M ,F,R,L,P,NM,NF,NR,NL,NP
1,APR, Rp170.000,00 ,1,452,0,0,00,0,005,0,000,0,623,0,000,0,000
2,SAB, Rp170.000,00 ,1,206,0,0,00,0,005,0,000,0,284,0,000,0,000
3,AA, Rp371.456,73 ,208,1,721,5,01,0,012,1,000,0,001,0,990,0,010
4,AAA, Rp212.000,00 ,4,263,399,214,96,0,006,0,014,0,363,0,548,0,444
5,AAAF, Rp170.000,00 ,1,96,0,0,00,0,005,0,000,0,132,0,000,0,000
6,AAF, Rp265.000,00 ,5,185,231,57,93,0,008,0,019,0,255,0,317,0,120
7,AAH, Rp365.000,00 ,2,282,0,0,00,0,012,0,005,0,389,0,000,0,000
8,AAK, Rp1.025.000,00 ,1,219,0,0,00,0,034,0,000,0,302,0,000,0,000
9,AAN, Rp527.500,00 ,2,311,43,0,00,0,017,0,005,0,429,0,059,0,000
10,AAZ, Rp170.000,00 ,2,149,3,0,00,0,005,0,005,0,206,0,004,0,000
11,AB, Rp263.428,57 ,7,246,461,76,19,0,008,0,029,0,339,0,633,0,158
12,AC, Rp1.095.000,00 ,3,56,141,70,00,0,036,0,010,0,077,0,194,0,145
13,AD, Rp405.750,00 ,20,24,645,47,44,0,013,0,092,0,033,0,886,0,098
14,ADB, Rp795.000,00 ,1,212,0,0,00,0,026,0,000,0,292,0,000,0,000
15,AE, Rp526.000,00 ,10,82,628,103,94,0,017,0,043,0,113,0,863,0,215
16,AES, Rp532.857,14 ,7,182,457,140,86,0,017,0,029,0,251,0,628,0,291
17,AF, Rp402.692,31 ,26,8,596,36,89,0,013,0,121,0,011,0,819,0,076
18,AFA, Rp260.000,00 ,2,358,87,0,00,0,008,0,005,0,494,0,120,0,000
19,AFAZ, Rp180.000,00 ,1,172,0,0,00,0,005,0,000,0,237,0,000,0,000
20,AFT, Rp380.000,00 ,1,18,0,0,00,0,012,0,000,0,025,0,000,0,000
21,AG, Rp293.125,00 ,8,68,585,126,16,0,009,0,034,0,094,0,804,0,261
22,AH, Rp262.500,00 ,22,21,707,35,47,0,008,0,101,0,029,0,971,0,073
23,AI, Rp464.857,14 ,35,31,694,33,17,0,015,0,164,0,043,0,953,0,069
24,AIA, Rp170.000,00 ,1,236,0,0,00,0,005,0,000,0,326,0,000,0,000
25,AIH, Rp380.000,00 ,1,227,0,0,00,0,012,0,000,0,313,0,000,0,000
26,AIS, Rp80.000,00 ,1,178,0,0,00,0,002,0,000,0,246,0,000,0,000
27,AJ, Rp176.571,43 ,7,9,126,21,54,0,005,0,029,0,012,0,173,0,045
28,AK, Rp280.781,25 ,32,5,576,23,09,0,009,0,150,0,007,0,791,0,048
29,AKA, Rp155.000,00 ,2,102,161,0,00,0,005,0,005,0,141,0,221,0,000
30,AKD, Rp260.000,00 ,1,317,0,0,00,0,008,0,000,0,437,0,000,0,000
31,AKH, Rp143.333,33 ,3,194,174,123,04,0,004,0,010,0,268,0,239,0,254
32,AKM, Rp380.000,00 ,1,74,0,0,00,0,012,0,000,0,102,0,000,0,000
33,AKW, Rp170.000,00 ,2,171,110,0,00,0,005,0,005,0,236,0,151,0,000
34,AL, Rp200.000,00 ,3,82,226,127,28,0,006,0,010,0,113,0,310,0,263
35,ALSH, Rp150.000,00 ,1,362,0,0,00,0,004,0,000,0,499,0,000,0,000
36,AM, Rp392.142,86 ,42,17,681,23,93,0,012,0,198,0,023,0,935,0,049
37,AMA, Rp125.000,00 ,2,0,124,0,00,0,004,0,005,0,000,0,170,0,000
38,AMAP, Rp260.000,00 ,1,342,0,0,00,0,008,0,000,0,472,0,000,0,000
39,AMB, Rp140.000,00 ,1,279,0,0,00,0,004,0,000,0,385,0,000,0,000
40,AMH, Rp300.000,00 ,2,67,99,0,00,0,009,0,005,0,092,0,136,0,000
41,AMP, Rp79.500,00 ,1,120,0,0,00,0,002,0,000,0,166,0,000,0,000
42,AN, Rp254.896,55 ,29,33,672,31,60,0,008,0,135,0,046,0,923,0,065
43,ANE, Rp120.000,00 ,1,109,0,0,00,0,003,0,000,0,150,0,000,0,000
44,ANH, Rp260.000,00 ,1,64,0,0,00,0,008,0,000,0,088,0,000,0,000
45,ANL, Rp1.225.000,00 ,1,298,0,0,00,0,040,0,000,0,411,0,000,0,000
46,ANP, Rp160.000,00 ,2,233,26,0,00,0,005,0,005,0,321,0,036,0,000
47,ANR, Rp170.000,00 ,1,257,0,0,00,0,005,0,000,0,354,0,000,0,000
48,ANS, Rp275.000,00 ,2,338,3,0,00,0,009,0,005,0,466,0,004,0,000
49,ANU, Rp180.000,00 ,1,358,0,0,00,0,005,0,000,0,494,0,000,0,000
50,AP, Rp461.583,33 ,12,40,543,53,37,0,015,0,053,0,055,0,746,0,110
51,APA, Rp155.000,00 ,2,73,582,0,00,0,005,0,005,0,101,0,799,0,000
52,APM, Rp170.000,00 ,1,394,0,0,00,0,005,0,000,0,543,0,000,0,000
53,AQ, Rp980.000,00 ,4,79,132,21,70,0,032,0,014,0,109,0,181,0,045
54,AR, Rp388.924,24 ,66,38,610,17,58,0,012,0,314,0,052,0,838,0,036
55,ARA, Rp170.000,00 ,3,232,93,64,35,0,005,0,010,0,320,0,128,0,133
56,ARF, Rp365.000,00 ,2,252,0,0,00,0,012,0,005,0,348,0,000,0,000
57,ARG, Rp697.500,00 ,2,92,200,0,00,0,023,0,005,0,127,0,275,0,000
58,ARGA, Rp170.000,00 ,1,219,0,0,00,0,005,0,000,0,302,0,000,0,000
59,ARI, Rp730.000,00 ,1,320,0,0,00,0,024,0,000,0,441,0,000,0,000
60,ARK, Rp170.000,00 ,1,9,0,0,00,0,005,0,000,0,012,0,000,0,000
61,AS, Rp289.254,72 ,106,3,721,7,90,0,009,0,507,0,004,0,990,0,016
62,ASA, Rp195.510,20 ,49,144,577,33,60,0,006,0,232,0,199,0,793,0,069
63,ASH, Rp511.000,00 ,5,324,237,70,45,0,016,0,019,0,447,0,326,0,146
64,ASMA, Rp200.000,00 ,2,289,27,0,00,0,006,0,005,0,399,0,037,0,000
65,ASN, Rp880.000,00 ,1,326,0,0,00,0,029,0,000,0,450,0,000,0,000
66,ASR, Rp370.000,00 ,3,142,2,1,41,0,012,0,010,0,196,0,003,0,003
67,AT, Rp325.967,74 ,62,0,728,38,59,0,010,0,295,0,000,1,000,0,080
68,ATM, Rp1.800.000,00 ,1,200,0,0,00,0,060,0,000,0,276,0,000,0,000
69,ATS, Rp365.000,00 ,2,238,0,0,00,0,012,0,005,0,328,0,000,0,000
70,AU, Rp380.000,00 ,1,541,0,0,00,0,012,0,000,0,746,0,000,0,000
71,AV, Rp726.000,00 ,5,152,333,93,19,0,024,0,019,0,210,0,457,0,193
72,AY, Rp235.000,00 ,2,128,1,0,00,0,007,0,005,0,177,0,001,0,000
73,AZ, Rp306.851,85 ,27,21,696,31,19,0,010,0,126,0,029,0,956,0,064
74,AZY, Rp1.315.000,00 ,1,338,0,0,00,0,043,0,000,0,466,0,000,0,000
75,BA, Rp288.800,00 ,5,63,56,16,73,0,009,0,019,0,087,0,077,0,035
76,BB, Rp161.666,67 ,3,46,680,449,72,0,005,0,010,0,063,0,934,0,930
77,BC, Rp170.000,00 ,1,16,0,0,00,0,005,0,000,0,022,0,000,0,000
78,BD, Rp380.000,00 ,1,19,0,0,00,0,012,0,000,0,026,0,000,0,000
79,BH, Rp158.571,43 ,7,256,257,25,33,0,005,0,029,0,353,0,353,0,052
80,BHM, Rp170.000,00 ,1,320,0,0,00,0,005,0,000,0,441,0,000,0,000
81,BIHAF, Rp380.000,00 ,1,187,0,0,00,0,012,0,000,0,258,0,000,0,000
82,BL, Rp1.842.500,00 ,4,411,181,36,17,0,061,0,014,0,567,0,249,0,075
83,BM, Rp90.000,00 ,1,566,0,0,00,0,002,0,000,0,781,0,000,0,000
84,BR, Rp90.000,00 ,2,49,28,0,00,0,002,0,005,0,068,0,038,0,000
85,BS, Rp265.714,29 ,7,89,593,212,05,0,008,0,029,0,123,0,815,0,438
86,BYNA, Rp50.000,00 ,1,325,0,0,00,0,001,0,000,0,448,0,000,0,000
87,BZ, Rp253.333,33 ,3,388,96,67,88,0,008,0,010,0,535,0,132,0,140
88,BZC, Rp140.000,00 ,2,152,52,0,00,0,004,0,005,0,210,0,071,0,000
89,CA, Rp1.080.000,00 ,2,378,207,0,00,0,035,0,005,0,521,0,284,0,000
90,CAB, Rp1.225.000,00 ,1,288,0,0,00,0,040,0,000,0,397,0,000,0,000
91,CC, Rp100.000,00 ,1,62,0,0,00,0,003,0,000,0,086,0,000,0,000
92,CH, Rp687.500,00 ,2,369,16,0,00,0,022,0,005,0,509,0,022,0,000
93,CJ, Rp675.000,00 ,2,401,40,0,00,0,022,0,005,0,553,0,055,0,000
94,CJA, Rp380.000,00 ,1,216,0,0,00,0,012,0,000,0,298,0,000,0,000
95,CL, Rp422.500,00 ,2,353,207,0,00,0,013,0,005,0,487,0,284,0,000
96,CM, Rp380.000,00 ,1,160,0,0,00,0,012,0,000,0,221,0,000,0,000
97,CN, Rp140.000,00 ,1,22,0,0,00,0,004,0,000,0,030,0,000,0,000
98,CP, Rp675.000,00 ,2,414,34,0,00,0,022,0,005,0,571,0,047,0,000
99,CS, Rp164.000,00 ,5,96,499,153,84,0,005,0,019,0,132,0,685,0,318
100,CSA, Rp675.000,00 ,1,348,0,0,00,0,022,0,000,0,480,0,000,0,000
101,CSU, Rp1.447.500,00 ,2,199,0,0,00,0,048,0,005,0,274,0,000,0,000
102,CT, Rp170.000,00 ,1,93,0,0,00,0,005,0,000,0,128,0,000,0,000
103,CTZ, Rp170.000,00 ,1,97,0,0,00,0,005,0,000,0,134,0,000,0,000
104,CVS, Rp380.000,00 ,1,206,0,0,00,0,012,0,000,0,284,0,000,0,000
105,CZ, Rp884.000,00 ,5,75,646,0,00,0,029,0,019,0,103,0,887,0,000
106,DA, Rp869.000,00 ,5,80,501,149,17,0,028,0,019,0,110,0,688,0,308
107,DAR, Rp1.750.000,00 ,1,313,0,0,00,0,058,0,000,0,432,0,000,0,000
108,DB, Rp266.666,67 ,3,58,188,106,07,0,008,0,010,0,080,0,258,0,219
109,DC, Rp140.000,00 ,1,127,0,0,00,0,004,0,000,0,175,0,000,0,000
110,DCR, Rp160.000,00 ,1,362,0,0,00,0,005,0,000,0,499,0,000,0,000
111,DD, Rp671.000,00 ,5,137,314,59,49,0,022,0,019,0,189,0,431,0,123
112,DF, Rp170.000,00 ,1,419,0,0,00,0,005,0,000,0,578,0,000,0,000
113,DFH, Rp170.000,00 ,1,172,0,0,00,0,005,0,000,0,237,0,000,0,000
114,DG, Rp222.500,00 ,4,350,210,63,55,0,007,0,014,0,483,0,288,0,131
115,DH, Rp1.992.500,00 ,8,58,670,74,63,0,066,0,034,0,080,0,920,0,154
116,DI, Rp176.000,00 ,10,183,501,76,49,0,005,0,043,0,252,0,688,0,158
117,DID, Rp170.000,00 ,1,405,0,0,00,0,005,0,000,0,559,0,000,0,000
118,DIN, Rp170.000,00 ,2,294,17,0,00,0,005,0,005,0,406,0,023,0,000
119,DK, Rp183.750,00 ,4,28,542,175,93,0,005,0,014,0,039,0,745,0,364
120,DKA, Rp365.000,00 ,2,283,0,0,00,0,012,0,005,0,390,0,000,0,000
121,DKJ, Rp365.000,00 ,2,145,0,0,00,0,012,0,005,0,200,0,000,0,000
122,DL, Rp140.000,00 ,2,38,39,0,00,0,004,0,005,0,052,0,054,0,000
123,DM, Rp505.000,00 ,4,40,688,197,41,0,016,0,014,0,055,0,945,0,408
124,DMH, Rp380.000,00 ,1,573,0,0,00,0,012,0,000,0,790,0,000,0,000
125,DP, Rp161.666,67 ,9,248,285,43,75,0,005,0,039,0,342,0,391,0,090
126,DPM, Rp170.000,00 ,1,491,0,0,00,0,005,0,000,0,677,0,000,0,000
127,DR, Rp396.666,67 ,3,147,515,55,50,0,013,0,010,0,203,0,707,0,115
128,DS, Rp407.500,00 ,4,61,318,130,09,0,013,0,014,0,084,0,437,0,269
129,DZ, Rp546.666,67 ,3,334,124,87,68,0,018,0,010,0,461,0,170,0,181
130,EA, Rp180.272,73 ,22,5,681,32,35,0,005,0,101,0,007,0,935,0,067
131,EAK, Rp170.000,00 ,2,211,106,0,00,0,005,0,005,0,291,0,146,0,000
132,EAS, Rp90.000,00 ,1,506,0,0,00,0,002,0,000,0,698,0,000,0,000
133,EB, Rp170.000,00 ,1,229,0,0,00,0,005,0,000,0,316,0,000,0,000
134,EC, Rp170.000,00 ,12,23,539,57,48,0,005,0,053,0,032,0,740,0,119
135,EEQ, Rp730.000,00 ,1,309,0,0,00,0,024,0,000,0,426,0,000,0,000
136,EH, Rp158.000,00 ,5,177,146,36,43,0,005,0,019,0,244,0,201,0,075
137,EHP, Rp196.666,67 ,3,308,40,12,73,0,006,0,010,0,425,0,055,0,026
138,EJP, Rp380.000,00 ,1,346,0,0,00,0,012,0,000,0,477,0,000,0,000
139,EK, Rp351.666,67 ,3,14,698,483,66,0,011,0,010,0,019,0,959,1,000
140,EKA, Rp380.000,00 ,1,650,0,0,00,0,012,0,000,0,897,0,000,0,000
141,EL, Rp296.000,00 ,2,122,198,0,00,0,009,0,005,0,168,0,272,0,000
142,ELA, Rp240.000,00 ,1,344,0,0,00,0,007,0,000,0,474,0,000,0,000
143,ELG, Rp365.000,00 ,2,67,0,0,00,0,012,0,005,0,092,0,000,0,000
144,EM, Rp555.000,00 ,2,378,102,0,00,0,018,0,005,0,521,0,140,0,000
145,EN, Rp380.000,00 ,1,46,0,0,00,0,012,0,000,0,063,0,000,0,000
146,ENA, Rp170.000,00 ,1,79,0,0,00,0,005,0,000,0,109,0,000,0,000
147,EP, Rp380.000,00 ,1,323,0,0,00,0,012,0,000,0,446,0,000,0,000
148,ER, Rp690.714,29 ,7,231,458,133,95,0,022,0,029,0,319,0,629,0,277
149,ERM, Rp365.000,00 ,2,285,0,0,00,0,012,0,005,0,393,0,000,0,000
150,ES, Rp128.000,00 ,5,435,242,106,49,0,004,0,019,0,600,0,332,0,220
151,EV, Rp380.000,00 ,1,213,0,0,00,0,012,0,000,0,294,0,000,0,000
152,EW, Rp350.000,00 ,1,641,0,0,00,0,011,0,000,0,884,0,000,0,000
153,EZ, Rp230.000,00 ,5,23,677,132,62,0,007,0,019,0,032,0,930,0,274
154,EZW, Rp365.000,00 ,2,233,0,0,00,0,012,0,005,0,321,0,000,0,000
155,FA, Rp310.921,05 ,38,59,652,18,12,0,010,0,179,0,081,0,896,0,037
156,FAB, Rp145.000,00 ,1,552,0,0,00,0,004,0,000,0,761,0,000,0,000
157,FAF, Rp196.666,67 ,3,322,163,75,66,0,006,0,010,0,444,0,224,0,156
158,FAR, Rp380.000,00 ,1,4,0,0,00,0,012,0,000,0,006,0,000,0,000
159,FB, Rp262.500,00 ,2,400,64,0,00,0,008,0,005,0,552,0,088,0,000
160,FD, Rp170.000,00 ,4,39,405,50,51,0,005,0,014,0,054,0,556,0,104
161,FDA, Rp170.000,00 ,2,201,118,0,00,0,005,0,005,0,277,0,162,0,000
162,FF, Rp275.000,00 ,2,355,371,0,00,0,009,0,005,0,490,0,510,0,000
163,FG, Rp153.333,33 ,9,17,120,13,15,0,004,0,039,0,023,0,165,0,027
164,FGI, Rp170.000,00 ,1,202,0,0,00,0,005,0,000,0,279,0,000,0,000
165,FGP, Rp380.000,00 ,1,466,0,0,00,0,012,0,000,0,643,0,000,0,000
166,FH, Rp311.111,11 ,9,40,391,64,22,0,010,0,039,0,055,0,537,0,133
167,FM, Rp215.000,00 ,6,99,296,90,28,0,007,0,024,0,137,0,407,0,187
168,FN, Rp380.000,00 ,1,166,0,0,00,0,012,0,000,0,229,0,000,0,000
169,FNK, Rp450.000,00 ,1,31,0,0,00,0,014,0,000,0,043,0,000,0,000
170,FO, Rp380.000,00 ,1,529,0,0,00,0,012,0,000,0,730,0,000,0,000
171,FP, Rp240.000,00 ,1,437,0,0,00,0,007,0,000,0,603,0,000,0,000
172,FQ, Rp292.000,00 ,5,56,527,187,21,0,009,0,019,0,077,0,724,0,387
173,FR, Rp260.000,00 ,2,292,149,0,00,0,008,0,005,0,403,0,205,0,000
174,FRW, Rp2.850.000,00 ,2,613,1,0,00,0,095,0,005,0,846,0,001,0,000
175,FS, Rp823.333,33 ,9,73,538,84,39,0,027,0,039,0,101,0,739,0,174
176,FSA, Rp170.000,00 ,1,200,0,0,00,0,005,0,000,0,276,0,000,0,000
177,FT, Rp140.000,00 ,1,36,0,0,00,0,004,0,000,0,050,0,000,0,000
178,FY, Rp170.000,00 ,1,93,0,0,00,0,005,0,000,0,128,0,000,0,000
179,FZ, Rp277.500,00 ,4,137,458,222,53,0,009,0,014,0,189,0,629,0,460
180,GA, Rp339.230,77 ,13,178,485,41,68,0,011,0,058,0,246,0,666,0,086
181,GBA, Rp140.000,00 ,1,27,0,0,00,0,004,0,000,0,037,0,000,0,000
182,GD, Rp380.000,00 ,1,148,0,0,00,0,012,0,000,0,204,0,000,0,000
183,GF, Rp380.000,00 ,2,40,402,0,00,0,012,0,005,0,055,0,552,0,000
184,GG, Rp365.000,00 ,2,33,0,0,00,0,012,0,005,0,046,0,000,0,000
185,GM, Rp143.333,33 ,3,15,233,164,76,0,004,0,010,0,021,0,320,0,341
186,GMN, Rp155.000,00 ,2,228,0,0,00,0,005,0,005,0,314,0,000,0,000
187,GR, Rp256.428,57 ,7,64,556,103,29,0,008,0,029,0,088,0,764,0,214
188,GRN, Rp1.262.000,00 ,5,215,13,2,75,0,042,0,019,0,297,0,018,0,006
189,GS, Rp130.000,00 ,2,14,315,0,00,0,004,0,005,0,019,0,433,0,000
190,GSAI, Rp170.000,00 ,1,200,0,0,00,0,005,0,000,0,276,0,000,0,000
191,GT, Rp380.000,00 ,1,453,0,0,00,0,012,0,000,0,625,0,000,0,000
192,GTZ, Rp445.000,00 ,1,451,0,0,00,0,014,0,000,0,622,0,000,0,000
193,GZ, Rp1.081.000,00 ,3,109,213,130,81,0,036,0,010,0,150,0,293,0,270
194,HA, Rp244.121,21 ,33,68,621,28,20,0,008,0,155,0,094,0,853,0,058
195,HAK, Rp1.740.000,00 ,1,711,0,0,00,0,058,0,000,0,981,0,000,0,000
196,HAN, Rp170.000,00 ,1,288,0,0,00,0,005,0,000,0,397,0,000,0,000
197,HAR, Rp175.000,00 ,2,159,0,0,00,0,005,0,005,0,219,0,000,0,000
198,HB, Rp170.000,00 ,3,92,132,73,54,0,005,0,010,0,127,0,181,0,152
199,HD, Rp275.000,00 ,2,340,10,0,00,0,009,0,005,0,469,0,014,0,000
200,HDH, Rp260.000,00 ,1,351,0,0,00,0,008,0,000,0,484,0,000,0,000
201,HDQ, Rp380.000,00 ,1,580,0,0,00,0,012,0,000,0,800,0,000,0,000
202,HF, Rp575.555,56 ,9,44,409,97,29,0,019,0,039,0,061,0,562,0,201
203,HFB, Rp170.000,00 ,1,639,0,0,00,0,005,0,000,0,881,0,000,0,000
204,HG, Rp300.333,33 ,6,121,77,18,50,0,009,0,024,0,167,0,106,0,038
205,HGE, Rp155.000,00 ,2,186,0,0,00,0,005,0,005,0,257,0,000,0,000
206,HH, Rp215.000,00 ,2,408,16,0,00,0,007,0,005,0,563,0,022,0,000
207,HHR, Rp180.000,00 ,1,340,0,0,00,0,005,0,000,0,469,0,000,0,000
208,HI, Rp948.333,33 ,3,313,249,13,44,0,031,0,010,0,432,0,342,0,028
209,HK, Rp150.000,00 ,3,2,54,25,46,0,004,0,010,0,003,0,074,0,053
210,HM, Rp368.571,43 ,21,29,592,62,09,0,012,0,097,0,040,0,813,0,128
211,HNF, Rp190.000,00 ,1,11,0,0,00,0,006,0,000,0,015,0,000,0,000
212,HNI, Rp220.000,00 ,1,113,0,0,00,0,007,0,000,0,156,0,000,0,000
213,HP, Rp470.750,00 ,4,113,214,68,88,0,015,0,014,0,156,0,294,0,142
214,HR, Rp370.000,00 ,3,292,418,295,57,0,012,0,010,0,403,0,574,0,611
215,HRK, Rp170.000,00 ,1,150,0,0,00,0,005,0,000,0,207,0,000,0,000
216,HS, Rp318.500,00 ,10,3,683,65,00,0,010,0,043,0,004,0,938,0,134
217,HSB, Rp170.000,00 ,1,172,0,0,00,0,005,0,000,0,237,0,000,0,000
218,HU, Rp80.000,00 ,1,117,0,0,00,0,002,0,000,0,161,0,000,0,000
219,HV, Rp380.000,00 ,1,465,0,0,00,0,012,0,000,0,641,0,000,0,000
220,HZI, Rp140.000,00 ,1,141,0,0,00,0,004,0,000,0,194,0,000,0,000
221,IA, Rp223.714,29 ,28,59,447,28,49,0,007,0,130,0,081,0,614,0,059
222,IAP, Rp170.000,00 ,1,199,0,0,00,0,005,0,000,0,274,0,000,0,000
223,IAR, Rp745.000,00 ,1,278,0,0,00,0,024,0,000,0,383,0,000,0,000
224,IAS, Rp380.000,00 ,1,699,0,0,00,0,012,0,000,0,964,0,000,0,000
225,ID, Rp140.000,00 ,2,73,396,0,00,0,004,0,005,0,101,0,544,0,000
226,IF, Rp260.000,00 ,1,474,0,0,00,0,008,0,000,0,654,0,000,0,000
227,IG, Rp380.000,00 ,1,430,0,0,00,0,012,0,000,0,593,0,000,0,000
228,II, Rp32.000,00 ,1,519,0,0,00,0,000,0,000,0,716,0,000,0,000
229,IKB, Rp730.000,00 ,1,384,0,0,00,0,024,0,000,0,530,0,000,0,000
230,IM, Rp335.625,00 ,16,10,576,37,88,0,011,0,072,0,014,0,791,0,078
231,IMH, Rp240.000,00 ,2,639,0,0,00,0,007,0,005,0,881,0,000,0,000
232,IR, Rp132.857,14 ,7,18,178,16,93,0,004,0,029,0,025,0,245,0,035
233,IRM, Rp170.000,00 ,1,131,0,0,00,0,005,0,000,0,181,0,000,0,000
234,IS, Rp323.000,00 ,20,441,93,5,03,0,010,0,092,0,608,0,128,0,010
235,IT, Rp365.000,00 ,2,282,0,0,00,0,012,0,005,0,389,0,000,0,000
236,IX, Rp170.000,00 ,1,165,0,0,00,0,005,0,000,0,228,0,000,0,000
237,JA, Rp426.666,67 ,3,131,236,142,84,0,014,0,010,0,181,0,324,0,295
238,JD, Rp1.800.000,00 ,1,482,0,0,00,0,060,0,000,0,665,0,000,0,000
239,JE, Rp170.000,00 ,1,354,0,0,00,0,005,0,000,0,488,0,000,0,000
240,JES, Rp680.000,00 ,2,93,31,0,00,0,022,0,005,0,128,0,043,0,000
241,JF, Rp240.000,00 ,3,423,43,12,02,0,007,0,010,0,583,0,059,0,025
242,JG, Rp380.000,00 ,1,405,0,0,00,0,012,0,000,0,559,0,000,0,000
243,JK, Rp223.200,00 ,5,37,63,12,82,0,007,0,019,0,051,0,087,0,026
244,JL, Rp90.000,00 ,1,31,0,0,00,0,002,0,000,0,043,0,000,0,000
245,JN, Rp272.500,00 ,4,8,177,99,60,0,008,0,014,0,011,0,243,0,206
246,JR, Rp730.000,00 ,1,649,0,0,00,0,024,0,000,0,895,0,000,0,000
247,JW, Rp365.000,00 ,2,233,0,0,00,0,012,0,005,0,321,0,000,0,000
248,KA, Rp372.039,47 ,152,8,710,5,49,0,012,0,729,0,011,0,975,0,011
249,KAA, Rp1.225.000,00 ,1,197,0,0,00,0,040,0,000,0,272,0,000,0,000
250,KAB, Rp170.000,00 ,1,198,0,0,00,0,005,0,000,0,273,0,000,0,000
251,KAH, Rp170.000,00 ,1,290,0,0,00,0,005,0,000,0,400,0,000,0,000
252,KAK, Rp170.000,00 ,2,96,3,0,00,0,005,0,005,0,132,0,004,0,000
253,KAP, Rp380.000,00 ,1,129,0,0,00,0,012,0,000,0,178,0,000,0,000
254,KAW, Rp370.000,00 ,3,204,23,16,26,0,012,0,010,0,281,0,032,0,034
255,KD, Rp365.000,00 ,2,247,0,0,00,0,012,0,005,0,341,0,000,0,000
256,KF, Rp140.000,00 ,1,36,0,0,00,0,004,0,000,0,050,0,000,0,000
257,KG, Rp309.090,91 ,11,2,688,123,00,0,010,0,048,0,003,0,945,0,254
258,KH, Rp223.000,00 ,10,28,236,20,70,0,007,0,043,0,039,0,324,0,043
259,KI, Rp380.000,00 ,2,121,29,0,00,0,012,0,005,0,167,0,040,0,000
260,KK, Rp156.953,13 ,64,26,700,56,70,0,005,0,304,0,036,0,962,0,117
261,KL, Rp90.000,00 ,1,74,0,0,00,0,002,0,000,0,102,0,000,0,000
262,KLA, Rp207.500,00 ,4,73,28,16,17,0,006,0,014,0,101,0,038,0,033
263,KM, Rp304.875,00 ,16,21,640,55,52,0,010,0,072,0,029,0,879,0,115
264,KMA, Rp145.000,00 ,2,127,0,0,00,0,004,0,005,0,175,0,000,0,000
265,KMN, Rp170.000,00 ,2,311,12,0,00,0,005,0,005,0,429,0,016,0,000
266,KMS, Rp436.666,67 ,3,145,273,118,09,0,014,0,010,0,200,0,375,0,244
267,KN, Rp182.500,00 ,4,114,73,27,39,0,005,0,014,0,157,0,100,0,057
268,KNP, Rp170.000,00 ,1,192,0,0,00,0,005,0,000,0,265,0,000,0,000
269,KP, Rp370.000,00 ,3,53,119,84,15,0,012,0,010,0,073,0,163,0,174
270,KR, Rp268.750,00 ,4,60,636,279,05,0,008,0,014,0,083,0,874,0,577
271,KRT, Rp1.065.000,00 ,2,180,7,0,00,0,035,0,005,0,248,0,010,0,000
272,KS, Rp340.000,00 ,6,390,187,12,05,0,011,0,024,0,538,0,257,0,025
273,KSB, Rp170.000,00 ,1,172,0,0,00,0,005,0,000,0,237,0,000,0,000
274,KSN, Rp170.000,00 ,1,639,0,0,00,0,005,0,000,0,881,0,000,0,000
275,KT, Rp202.000,00 ,5,103,530,251,08,0,006,0,019,0,142,0,728,0,519
276,KWNA, Rp380.000,00 ,1,144,0,0,00,0,012,0,000,0,199,0,000,0,000
277,KWNAS, Rp170.000,00 ,1,190,0,0,00,0,005,0,000,0,262,0,000,0,000
278,KY, Rp380.000,00 ,1,409,0,0,00,0,012,0,000,0,564,0,000,0,000
279,KZ, Rp302.592,59 ,27,198,425,31,35,0,009,0,126,0,273,0,584,0,065
280,LA, Rp583.000,00 ,5,115,597,94,20,0,019,0,019,0,159,0,820,0,195
281,LAL, Rp170.000,00 ,1,62,0,0,00,0,005,0,000,0,086,0,000,0,000
282,LB, Rp980.000,00 ,1,593,0,0,00,0,032,0,000,0,818,0,000,0,000
283,LBA, Rp795.000,00 ,3,445,229,130,81,0,026,0,010,0,614,0,315,0,270
284,LC, Rp380.000,00 ,1,403,0,0,00,0,012,0,000,0,556,0,000,0,000
285,LE, Rp170.000,00 ,1,393,0,0,00,0,005,0,000,0,542,0,000,0,000
286,LHN, Rp140.000,00 ,1,204,0,0,00,0,004,0,000,0,281,0,000,0,000
287,LK, Rp322.500,00 ,6,135,573,92,59,0,010,0,024,0,186,0,787,0,191
288,LKP, Rp170.000,00 ,1,213,0,0,00,0,005,0,000,0,294,0,000,0,000
289,LL, Rp140.000,00 ,1,338,0,0,00,0,004,0,000,0,466,0,000,0,000
290,LN, Rp220.000,00 ,1,507,0,0,00,0,007,0,000,0,699,0,000,0,000
291,LNF, Rp90.000,00 ,1,512,0,0,00,0,002,0,000,0,706,0,000,0,000
292,LRY, Rp380.000,00 ,1,74,0,0,00,0,012,0,000,0,102,0,000,0,000
293,LZ, Rp129.600,00 ,3,210,77,24,75,0,004,0,010,0,290,0,106,0,051
294,MA, Rp453.094,59 ,74,18,710,10,69,0,015,0,353,0,025,0,975,0,022
295,MA1, Rp875.000,00 ,2,690,7,0,00,0,029,0,005,0,952,0,010,0,000
296,MAA, Rp324.375,00 ,8,64,517,63,05,0,010,0,034,0,088,0,710,0,130
297,MAAG, Rp380.000,00 ,1,461,0,0,00,0,012,0,000,0,636,0,000,0,000
298,MAB, Rp557.142,86 ,7,317,197,51,21,0,018,0,029,0,437,0,271,0,106
299,MAD, Rp340.000,00 ,1,188,0,0,00,0,011,0,000,0,259,0,000,0,000
300,MAF, Rp300.000,00 ,6,206,432,84,13,0,009,0,024,0,284,0,593,0,174
301,MAG, Rp170.000,00 ,1,325,0,0,00,0,005,0,000,0,448,0,000,0,000
302,MAH, Rp343.333,33 ,6,22,492,105,08,0,011,0,024,0,030,0,676,0,217
303,MAK, Rp170.000,00 ,1,17,0,0,00,0,005,0,000,0,023,0,000,0,000
304,MAKZ, Rp170.000,00 ,1,44,0,0,00,0,005,0,000,0,061,0,000,0,000
305,MAN, Rp380.000,00 ,1,561,0,0,00,0,012,0,000,0,774,0,000,0,000
306,MAS, Rp630.000,00 ,2,11,217,0,00,0,020,0,005,0,015,0,298,0,000
307,MAT, Rp365.000,00 ,2,299,0,0,00,0,012,0,005,0,412,0,000,0,000
308,MATE, Rp380.000,00 ,1,298,0,0,00,0,012,0,000,0,411,0,000,0,000
309,MB, Rp160.952,38 ,21,3,574,86,79,0,005,0,097,0,004,0,788,0,179
310,MBA, Rp144.000,00 ,4,43,77,28,92,0,004,0,014,0,059,0,106,0,060
311,MBAF, Rp380.000,00 ,1,90,0,0,00,0,012,0,000,0,124,0,000,0,000
312,MBN, Rp1.245.000,00 ,2,214,32,0,00,0,041,0,005,0,295,0,044,0,000
313,MCK, Rp1.065.000,00 ,2,173,4,0,00,0,035,0,005,0,239,0,005,0,000
314,MD, Rp744.166,67 ,6,24,695,79,87,0,024,0,024,0,033,0,955,0,165
315,MDA, Rp380.000,00 ,1,573,0,0,00,0,012,0,000,0,790,0,000,0,000
316,MDE, Rp155.000,00 ,2,78,0,0,00,0,005,0,005,0,108,0,000,0,000
317,MDP, Rp215.000,00 ,2,24,0,0,00,0,007,0,005,0,033,0,000,0,000
318,ME, Rp135.000,00 ,2,183,0,0,00,0,004,0,005,0,252,0,000,0,000
319,MEAA, Rp36.000,00 ,1,183,0,0,00,0,001,0,000,0,252,0,000,0,000
320,MEQ, Rp365.000,00 ,2,271,0,0,00,0,012,0,005,0,374,0,000,0,000
321,MF, Rp1.130.000,00 ,10,415,296,42,43,0,037,0,043,0,572,0,407,0,088
322,MFA, Rp527.500,00 ,6,50,536,64,17,0,017,0,024,0,069,0,736,0,133
323,MFAR, Rp380.000,00 ,1,124,0,0,00,0,012,0,000,0,171,0,000,0,000
324,MFAS, Rp4.880.000,00 ,1,587,0,0,00,0,163,0,000,0,810,0,000,0,000
325,MFG, Rp385.000,00 ,1,466,0,0,00,0,012,0,000,0,643,0,000,0,000
326,MFZ, Rp365.000,00 ,2,278,0,0,00,0,012,0,005,0,383,0,000,0,000
327,MG, Rp388.750,00 ,4,56,645,171,82,0,012,0,014,0,077,0,886,0,355
328,MGA, Rp375.000,00 ,2,276,0,0,00,0,012,0,005,0,381,0,000,0,000
329,MH, Rp451.750,00 ,12,238,456,44,63,0,014,0,053,0,328,0,626,0,092
330,MHA, Rp273.333,33 ,6,173,342,84,09,0,008,0,024,0,239,0,470,0,174
331,MHB, Rp380.000,00 ,1,557,0,0,00,0,012,0,000,0,768,0,000,0,000
332,MHF, Rp330.000,00 ,3,250,180,127,28,0,010,0,010,0,345,0,247,0,263
333,MHNI, Rp380.000,00 ,1,328,0,0,00,0,012,0,000,0,452,0,000,0,000
334,MHP, Rp200.000,00 ,1,104,0,0,00,0,006,0,000,0,143,0,000,0,000
335,MHW, Rp240.000,00 ,1,331,0,0,00,0,007,0,000,0,457,0,000,0,000
336,MI, Rp321.250,00 ,4,73,530,147,36,0,010,0,014,0,101,0,728,0,305
337,MIA, Rp265.000,00 ,4,26,509,245,00,0,008,0,014,0,036,0,699,0,507
338,MJ, Rp5.313.333,33 ,3,462,154,69,30,0,177,0,010,0,637,0,212,0,143
339,MJA, Rp247.500,00 ,4,148,104,60,04,0,008,0,014,0,204,0,143,0,124
340,MK, Rp295.000,00 ,7,39,642,156,52,0,009,0,029,0,054,0,882,0,324
341,MKA, Rp380.000,00 ,1,471,0,0,00,0,012,0,000,0,650,0,000,0,000
342,MKF, Rp273.333,33 ,3,415,0,0,00,0,008,0,010,0,572,0,000,0,000
343,ML, Rp221.666,67 ,6,12,592,126,34,0,007,0,024,0,017,0,813,0,261
344,MLH, Rp170.000,00 ,1,321,0,0,00,0,005,0,000,0,443,0,000,0,000
345,MLP, Rp170.000,00 ,2,232,18,0,00,0,005,0,005,0,320,0,025,0,000
346,MLR, Rp170.000,00 ,1,305,0,0,00,0,005,0,000,0,421,0,000,0,000
347,MM, Rp90.000,00 ,1,638,0,0,00,0,002,0,000,0,880,0,000,0,000
348,MN, Rp461.666,67 ,6,93,597,79,90,0,015,0,024,0,128,0,820,0,165
349,MNH, Rp730.000,00 ,1,89,0,0,00,0,024,0,000,0,123,0,000,0,000
350,MNM, Rp222.500,00 ,4,103,616,181,54,0,007,0,014,0,142,0,846,0,375
351,MNS, Rp380.000,00 ,1,45,0,0,00,0,012,0,000,0,062,0,000,0,000
352,MO, Rp373.333,33 ,3,44,69,4,95,0,012,0,010,0,061,0,095,0,010
353,MOZ, Rp225.000,00 ,1,197,0,0,00,0,007,0,000,0,272,0,000,0,000
354,MP, Rp180.000,00 ,2,64,589,0,00,0,005,0,005,0,088,0,809,0,000
355,MQ, Rp263.333,33 ,3,428,205,126,57,0,008,0,010,0,590,0,282,0,262
356,MR, Rp260.845,07 ,71,7,718,17,31,0,008,0,338,0,010,0,986,0,036
357,MRA, Rp380.000,00 ,1,237,0,0,00,0,012,0,000,0,327,0,000,0,000
358,MRAF, Rp80.000,00 ,1,69,0,0,00,0,002,0,000,0,095,0,000,0,000
359,MRB, Rp380.000,00 ,1,368,0,0,00,0,012,0,000,0,508,0,000,0,000
360,MRF, Rp380.000,00 ,1,410,0,0,00,0,012,0,000,0,566,0,000,0,000
361,MRH, Rp380.000,00 ,1,108,0,0,00,0,012,0,000,0,149,0,000,0,000
362,MRM, Rp385.000,00 ,2,191,0,0,00,0,012,0,005,0,263,0,000,0,000
363,MRN, Rp380.000,00 ,1,104,0,0,00,0,012,0,000,0,143,0,000,0,000
364,MRW, Rp730.000,00 ,1,383,0,0,00,0,024,0,000,0,528,0,000,0,000
365,MS, Rp198.846,15 ,26,23,685,21,55,0,006,0,121,0,032,0,941,0,045
366,MSH, Rp170.000,00 ,1,356,0,0,00,0,005,0,000,0,491,0,000,0,000
367,MSI, Rp170.000,00 ,1,311,0,0,00,0,005,0,000,0,429,0,000,0,000
368,MSM, Rp222.500,00 ,4,329,109,20,03,0,007,0,014,0,454,0,150,0,041
369,MSMM, Rp170.000,00 ,5,197,175,17,08,0,005,0,019,0,272,0,240,0,035
370,MSO, Rp365.000,00 ,2,54,0,0,00,0,012,0,005,0,074,0,000,0,000
371,MSPA, Rp47.500,00 ,2,115,225,0,00,0,001,0,005,0,159,0,309,0,000
372,MT, Rp730.000,00 ,1,566,0,0,00,0,024,0,000,0,781,0,000,0,000
373,MTC, Rp488.000,00 ,5,407,321,133,12,0,016,0,019,0,561,0,441,0,275
374,MTR, Rp380.000,00 ,1,426,0,0,00,0,012,0,000,0,588,0,000,0,000
375,MUA, Rp380.000,00 ,1,558,0,0,00,0,012,0,000,0,770,0,000,0,000
376,MUAQ, Rp365.000,00 ,2,200,0,0,00,0,012,0,005,0,276,0,000,0,000
377,MUR, Rp170.000,00 ,1,97,0,0,00,0,005,0,000,0,134,0,000,0,000
378,MX, Rp140.000,00 ,1,68,0,0,00,0,004,0,000,0,094,0,000,0,000
379,MXA, Rp130.000,00 ,2,73,0,0,00,0,004,0,005,0,101,0,000,0,000
380,MXAM, Rp170.000,00 ,2,249,0,0,00,0,005,0,005,0,343,0,000,0,000
381,MY, Rp190.000,00 ,3,395,132,90,51,0,006,0,010,0,545,0,181,0,187
382,MYH, Rp380.000,00 ,1,17,0,0,00,0,012,0,000,0,023,0,000,0,000
383,MYK, Rp410.000,00 ,1,88,0,0,00,0,013,0,000,0,121,0,000,0,000
384,MZ, Rp192.037,74 ,106,2,726,8,98,0,006,0,507,0,003,0,997,0,019
385,MZA, Rp480.000,00 ,5,320,130,34,22,0,015,0,019,0,441,0,179,0,071
386,MZF, Rp145.000,00 ,1,697,0,0,00,0,004,0,000,0,961,0,000,0,000
387,MZH, Rp380.000,00 ,1,451,0,0,00,0,012,0,000,0,622,0,000,0,000
388,MZK, Rp140.000,00 ,1,239,0,0,00,0,004,0,000,0,330,0,000,0,000
389,MZP, Rp175.000,00 ,2,110,145,0,00,0,005,0,005,0,152,0,199,0,000
390,MZR, Rp380.000,00 ,1,473,0,0,00,0,012,0,000,0,652,0,000,0,000
391,MZX, Rp730.000,00 ,1,477,0,0,00,0,024,0,000,0,658,0,000,0,000
392,MZY, Rp472.500,00 ,4,299,89,14,74,0,015,0,014,0,412,0,122,0,030
393,NA, Rp194.756,10 ,41,0,716,28,11,0,006,0,193,0,000,0,984,0,058
394,NAD, Rp240.000,00 ,1,362,0,0,00,0,007,0,000,0,499,0,000,0,000
395,NAH, Rp410.000,00 ,1,86,0,0,00,0,013,0,000,0,119,0,000,0,000
396,NAJ, Rp380.000,00 ,1,74,0,0,00,0,012,0,000,0,102,0,000,0,000
397,NAP, Rp170.000,00 ,2,82,14,0,00,0,005,0,005,0,113,0,019,0,000
398,NAZ, Rp380.000,00 ,1,305,0,0,00,0,012,0,000,0,421,0,000,0,000
399,NB, Rp130.000,00 ,2,647,1,0,00,0,004,0,005,0,892,0,001,0,000
400,NE, Rp90.000,00 ,1,512,0,0,00,0,002,0,000,0,706,0,000,0,000
401,NF, Rp182.857,14 ,7,19,455,96,82,0,005,0,029,0,026,0,625,0,200
402,NGC, Rp365.000,00 ,2,166,0,0,00,0,012,0,005,0,229,0,000,0,000
403,NGL, Rp170.000,00 ,1,437,0,0,00,0,005,0,000,0,603,0,000,0,000
404,NH, Rp140.000,00 ,1,24,0,0,00,0,004,0,000,0,033,0,000,0,000
405,NJ, Rp140.000,00 ,2,26,272,0,00,0,004,0,005,0,036,0,374,0,000
406,NK, Rp631.538,46 ,13,54,654,67,09,0,020,0,058,0,074,0,898,0,139
407,NL, Rp310.000,00 ,3,26,392,277,19,0,010,0,010,0,036,0,538,0,573
408,NM, Rp146.000,00 ,5,10,161,41,48,0,004,0,019,0,014,0,221,0,086
409,NMA, Rp140.000,00 ,1,95,0,0,00,0,004,0,000,0,131,0,000,0,000
410,NMAA, Rp133.333,33 ,3,43,4,2,83,0,004,0,010,0,059,0,005,0,006
411,NMF, Rp400.000,00 ,1,694,0,0,00,0,013,0,000,0,957,0,000,0,000
412,NN, Rp274.000,00 ,3,226,133,94,05,0,009,0,010,0,312,0,183,0,194
413,NNJ, Rp140.000,00 ,1,34,0,0,00,0,004,0,000,0,047,0,000,0,000
414,NR, Rp104.222,22 ,9,63,331,50,78,0,003,0,039,0,087,0,455,0,105
415,NS, Rp303.846,15 ,26,0,724,54,17,0,010,0,121,0,000,0,995,0,112
416,NSA, Rp248.000,00 ,5,212,143,36,15,0,008,0,019,0,292,0,196,0,075
417,NSF, Rp90.000,00 ,1,333,0,0,00,0,002,0,000,0,459,0,000,0,000
418,NSW, Rp170.000,00 ,1,146,0,0,00,0,005,0,000,0,201,0,000,0,000
419,NT, Rp138.000,00 ,3,61,280,82,02,0,004,0,010,0,084,0,385,0,170
420,NTB, Rp170.000,00 ,2,63,39,0,00,0,005,0,005,0,087,0,054,0,000
421,NY, Rp245.000,00 ,2,14,462,0,00,0,008,0,005,0,019,0,635,0,000
422,NZ, Rp371.666,67 ,6,52,407,160,97,0,012,0,024,0,072,0,559,0,333
423,NZA, Rp170.000,00 ,1,295,0,0,00,0,005,0,000,0,407,0,000,0,000
424,NZR, Rp795.000,00 ,1,228,0,0,00,0,026,0,000,0,314,0,000,0,000
425,OA, Rp170.000,00 ,1,480,0,0,00,0,005,0,000,0,662,0,000,0,000
426,OG, Rp730.000,00 ,1,1,0,0,00,0,024,0,000,0,001,0,000,0,000
427,OH, Rp275.000,00 ,2,92,24,0,00,0,009,0,005,0,127,0,033,0,000
428,OSA, Rp203.750,00 ,4,418,90,18,68,0,006,0,014,0,577,0,124,0,039
429,OSAA, Rp380.000,00 ,1,514,0,0,00,0,012,0,000,0,709,0,000,0,000
430,PA, Rp345.000,00 ,5,96,483,87,87,0,011,0,019,0,132,0,663,0,182
431,PAS, Rp370.000,00 ,2,268,0,0,00,0,012,0,005,0,370,0,000,0,000
432,PK, Rp465.000,00 ,2,208,0,0,00,0,015,0,005,0,287,0,000,0,000
433,PS, Rp380.000,00 ,1,253,0,0,00,0,012,0,000,0,349,0,000,0,000
434,Q, Rp380.000,00 ,1,613,0,0,00,0,012,0,000,0,846,0,000,0,000
435,QA, Rp740.000,00 ,3,464,182,14,14,0,024,0,010,0,640,0,250,0,029
436,QAY, Rp170.000,00 ,1,236,0,0,00,0,005,0,000,0,326,0,000,0,000
437,QE, Rp380.000,00 ,1,123,0,0,00,0,012,0,000,0,170,0,000,0,000
438,QF, Rp145.000,00 ,1,537,0,0,00,0,004,0,000,0,741,0,000,0,000
439,QH, Rp160.000,00 ,3,93,614,420,02,0,005,0,010,0,128,0,843,0,868
440,QK, Rp235.000,00 ,2,337,0,0,00,0,007,0,005,0,465,0,000,0,000
441,QN, Rp190.000,00 ,1,62,0,0,00,0,006,0,000,0,086,0,000,0,000
442,QSM, Rp170.000,00 ,1,321,0,0,00,0,005,0,000,0,443,0,000,0,000
443,RA, Rp493.355,93 ,59,50,667,12,73,0,016,0,280,0,069,0,916,0,026
444,RAA, Rp7.400.000,00 ,2,114,90,0,00,0,247,0,005,0,157,0,124,0,000
445,RAK, Rp675.000,00 ,1,195,0,0,00,0,022,0,000,0,269,0,000,0,000
446,RAM, Rp170.000,00 ,1,236,0,0,00,0,005,0,000,0,326,0,000,0,000
447,RAR, Rp170.000,00 ,1,192,0,0,00,0,005,0,000,0,265,0,000,0,000
448,RAS, Rp450.000,00 ,2,178,130,0,00,0,014,0,005,0,246,0,179,0,000
449,RB, Rp235.000,00 ,2,570,95,0,00,0,007,0,005,0,786,0,130,0,000
450,RBA, Rp100.000,00 ,1,173,0,0,00,0,003,0,000,0,239,0,000,0,000
451,RC, Rp180.000,00 ,1,419,0,0,00,0,005,0,000,0,578,0,000,0,000
452,RD, Rp286.250,00 ,4,11,581,306,87,0,009,0,014,0,015,0,798,0,634
453,RDK, Rp380.000,00 ,1,183,0,0,00,0,012,0,000,0,252,0,000,0,000
454,RE, Rp953.333,33 ,3,323,79,53,03,0,031,0,010,0,446,0,109,0,110
455,RF, Rp212.000,00 ,5,67,403,106,96,0,006,0,019,0,092,0,554,0,221
456,RFA, Rp380.000,00 ,1,127,0,0,00,0,012,0,000,0,175,0,000,0,000
457,RFB, Rp170.000,00 ,1,100,0,0,00,0,005,0,000,0,138,0,000,0,000
458,RFR, Rp180.000,00 ,1,349,0,0,00,0,005,0,000,0,481,0,000,0,000
459,RG, Rp380.000,00 ,1,466,0,0,00,0,012,0,000,0,643,0,000,0,000
460,RH, Rp406.250,00 ,8,11,685,187,73,0,013,0,034,0,015,0,941,0,388
461,RHR, Rp380.000,00 ,1,141,0,0,00,0,012,0,000,0,194,0,000,0,000
462,RI, Rp395.000,00 ,2,192,235,0,00,0,013,0,005,0,265,0,323,0,000
463,RK, Rp643.900,00 ,10,11,666,38,55,0,021,0,043,0,015,0,915,0,080
464,RKH, Rp380.000,00 ,1,193,0,0,00,0,012,0,000,0,266,0,000,0,000
465,RL, Rp275.000,00 ,2,518,53,0,00,0,009,0,005,0,714,0,073,0,000
466,RM, Rp411.875,00 ,8,42,640,153,42,0,013,0,034,0,058,0,879,0,317
467,RMA, Rp170.000,00 ,1,369,0,0,00,0,005,0,000,0,509,0,000,0,000
468,RMS, Rp685.000,00 ,1,125,0,0,00,0,022,0,000,0,172,0,000,0,000
469,RN, Rp606.034,48 ,29,18,621,20,90,0,020,0,135,0,025,0,853,0,043
470,RNA, Rp402.666,67 ,15,11,446,32,76,0,013,0,068,0,015,0,613,0,068
471,RP, Rp235.833,33 ,6,169,486,22,63,0,007,0,024,0,233,0,668,0,047
472,RPS, Rp340.000,00 ,1,187,0,0,00,0,011,0,000,0,258,0,000,0,000
473,RR, Rp525.074,07 ,27,59,655,21,60,0,017,0,126,0,081,0,900,0,045
474,RRA, Rp990.000,00 ,2,235,126,0,00,0,032,0,005,0,324,0,173,0,000
475,RS, Rp267.125,00 ,16,60,631,56,63,0,008,0,072,0,083,0,867,0,117
476,RSAA, Rp180.000,00 ,1,317,0,0,00,0,005,0,000,0,437,0,000,0,000
477,RSK, Rp170.000,00 ,1,250,0,0,00,0,005,0,000,0,345,0,000,0,000
478,RSR, Rp300.000,00 ,2,131,0,0,00,0,009,0,005,0,181,0,000,0,000
479,RT, Rp170.000,00 ,1,93,0,0,00,0,005,0,000,0,128,0,000,0,000
480,RY, Rp380.000,00 ,1,79,0,0,00,0,012,0,000,0,109,0,000,0,000
481,RZ, Rp330.000,00 ,3,16,332,131,52,0,010,0,010,0,022,0,456,0,272
482,RZA, Rp143.333,33 ,3,33,307,217,08,0,004,0,010,0,046,0,422,0,449
483,SA, Rp1.196.000,00 ,39,0,712,20,07,0,039,0,184,0,000,0,978,0,042
484,SAA, Rp170.000,00 ,2,204,259,0,00,0,005,0,005,0,281,0,356,0,000
485,SAF, Rp230.000,00 ,2,99,266,0,00,0,007,0,005,0,137,0,365,0,000
486,SAI, Rp140.000,00 ,1,75,0,0,00,0,004,0,000,0,103,0,000,0,000
487,SAM, Rp170.000,00 ,1,200,0,0,00,0,005,0,000,0,276,0,000,0,000
488,SAN, Rp120.000,00 ,2,96,159,0,00,0,003,0,005,0,132,0,218,0,000
489,SAR, Rp380.000,00 ,1,573,0,0,00,0,012,0,000,0,790,0,000,0,000
490,SAS, Rp140.000,00 ,1,67,0,0,00,0,004,0,000,0,092,0,000,0,000
491,SB, Rp205.000,00 ,4,222,347,176,65,0,006,0,014,0,306,0,477,0,365
492,SC, Rp220.000,00 ,1,188,0,0,00,0,007,0,000,0,259,0,000,0,000
493,SD, Rp350.000,00 ,4,52,371,134,67,0,011,0,014,0,072,0,510,0,278
494,SDH, Rp12.960.000,00 ,1,263,0,0,00,0,433,0,000,0,363,0,000,0,000
495,SEH, Rp380.000,00 ,1,25,0,0,00,0,012,0,000,0,034,0,000,0,000
496,SF, Rp310.000,00 ,3,434,235,122,33,0,010,0,010,0,599,0,323,0,253
497,SG, Rp170.000,00 ,1,256,0,0,00,0,005,0,000,0,353,0,000,0,000
498,SGD, Rp1.472.500,00 ,2,108,173,0,00,0,049,0,005,0,149,0,238,0,000
499,SGVE, Rp170.000,00 ,1,257,0,0,00,0,005,0,000,0,354,0,000,0,000
500,SH, Rp170.000,00 ,4,311,230,72,83,0,005,0,014,0,429,0,316,0,151
501,SHA, Rp170.000,00 ,1,197,0,0,00,0,005,0,000,0,272,0,000,0,000
502,SJ, Rp130.000,00 ,2,58,0,0,00,0,004,0,005,0,080,0,000,0,000
503,SK, Rp529.705,88 ,17,1,709,73,75,0,017,0,077,0,001,0,974,0,152
504,SKF, Rp1.225.000,00 ,1,279,0,0,00,0,040,0,000,0,385,0,000,0,000
505,SL, Rp684.615,38 ,13,53,313,32,57,0,022,0,058,0,073,0,430,0,067
506,SM, Rp269.000,00 ,15,40,649,60,25,0,008,0,068,0,055,0,891,0,125
507,SMA, Rp1.225.000,00 ,1,295,0,0,00,0,040,0,000,0,407,0,000,0,000
508,SN, Rp280.909,09 ,44,3,716,57,11,0,009,0,208,0,004,0,984,0,118
509,SNA, Rp380.000,00 ,1,194,0,0,00,0,012,0,000,0,268,0,000,0,000
510,SNM, Rp296.250,00 ,4,308,256,121,04,0,009,0,014,0,425,0,352,0,250
511,SO, Rp380.000,00 ,1,573,0,0,00,0,012,0,000,0,790,0,000,0,000
512,SP, Rp170.000,00 ,1,578,0,0,00,0,005,0,000,0,797,0,000,0,000
513,SQA, Rp130.000,00 ,2,176,0,0,00,0,004,0,005,0,243,0,000,0,000
514,SR, Rp245.500,00 ,10,116,612,233,35,0,008,0,043,0,160,0,841,0,482
515,SS, Rp1.308.000,00 ,5,121,549,34,88,0,043,0,019,0,167,0,754,0,072
516,ST, Rp816.666,67 ,3,233,229,88,39,0,027,0,010,0,321,0,315,0,183
517,SUB, Rp290.000,00 ,1,366,0,0,00,0,009,0,000,0,505,0,000,0,000
518,SZ, Rp208.333,33 ,6,120,475,127,16,0,006,0,024,0,166,0,652,0,263
519,SZD, Rp140.000,00 ,1,202,0,0,00,0,004,0,000,0,279,0,000,0,000
520,TA, Rp337.857,14 ,7,488,151,28,94,0,011,0,029,0,673,0,207,0,060
521,TAS, Rp730.000,00 ,1,382,0,0,00,0,024,0,000,0,527,0,000,0,000
522,TBTD, Rp90.000,00 ,1,279,0,0,00,0,002,0,000,0,385,0,000,0,000
523,TD, Rp122.000,00 ,8,280,429,82,70,0,003,0,034,0,386,0,589,0,171
524,TE, Rp380.000,00 ,1,13,0,0,00,0,012,0,000,0,018,0,000,0,000
525,TH, Rp1.502.500,00 ,2,688,6,0,00,0,050,0,005,0,949,0,008,0,000
526,TKDH, Rp7.400.000,00 ,2,459,45,0,00,0,247,0,005,0,633,0,062,0,000
527,TKI, Rp20.000,00 ,1,41,0,0,00,0,000,0,000,0,057,0,000,0,000
528,TKIC, Rp29.880.000,00 ,1,18,0,0,00,1,000,0,000,0,025,0,000,0,000
529,TN, Rp380.000,00 ,3,45,511,204,35,0,012,0,010,0,062,0,702,0,423
530,TT, Rp170.000,00 ,1,519,0,0,00,0,005,0,000,0,716,0,000,0,000
531,TU, Rp213.333,33 ,3,128,9,4,95,0,006,0,010,0,177,0,012,0,010
532,UA, Rp306.666,67 ,3,628,39,27,58,0,010,0,010,0,866,0,054,0,057
533,UAH, Rp246.666,67 ,3,53,18,12,73,0,008,0,010,0,073,0,025,0,026
534,UF, Rp140.000,00 ,1,248,0,0,00,0,004,0,000,0,342,0,000,0,000
535,UGN, Rp380.000,00 ,1,129,0,0,00,0,012,0,000,0,178,0,000,0,000
536,UK, Rp140.000,00 ,1,121,0,0,00,0,004,0,000,0,167,0,000,0,000
537,UM, Rp140.000,00 ,3,116,118,16,97,0,004,0,010,0,160,0,162,0,035
538,UN, Rp730.000,00 ,1,383,0,0,00,0,024,0,000,0,528,0,000,0,000
539,UNH, Rp365.000,00 ,2,102,0,0,00,0,012,0,005,0,141,0,000,0,000
540,VC, Rp380.000,00 ,1,725,0,0,00,0,012,0,000,1,000,0,000,0,000
541,VE, Rp405.625,00 ,8,89,564,109,05,0,013,0,034,0,123,0,775,0,225
542,VET, Rp170.000,00 ,1,326,0,0,00,0,005,0,000,0,450,0,000,0,000
543,VM, Rp380.000,00 ,1,582,0,0,00,0,012,0,000,0,803,0,000,0,000
544,VS, Rp555.000,00 ,2,329,203,0,00,0,018,0,005,0,454,0,279,0,000
545,WA, Rp275.000,00 ,2,649,41,0,00,0,009,0,005,0,895,0,056,0,000
546,YA, Rp560.625,00 ,8,39,554,78,04,0,018,0,034,0,054,0,761,0,161
547,YB, Rp380.000,00 ,1,8,0,0,00,0,012,0,000,0,011,0,000,0,000
548,YH, Rp910.000,00 ,3,329,333,22,51,0,030,0,010,0,454,0,457,0,047
549,YM, Rp408.333,33 ,6,159,189,152,63,0,013,0,024,0,219,0,260,0,316
550,YMQ, Rp170.000,00 ,1,493,0,0,00,0,005,0,000,0,680,0,000,0,000
551,YP, Rp170.000,00 ,1,149,0,0,00,0,005,0,000,0,206,0,000,0,000
552,YS, Rp227.500,00 ,4,38,288,152,63,0,007,0,014,0,052,0,396,0,316
553,YZ, Rp220.000,00 ,3,86,27,17,68,0,007,0,010,0,119,0,037,0,037
554,ZA, Rp366.950,00 ,20,108,527,28,90,0,012,0,092,0,149,0,724,0,060
555,ZAAG, Rp170.000,00 ,1,205,0,0,00,0,005,0,000,0,283,0,000,0,000
556,ZAFP, Rp170.000,00 ,1,305,0,0,00,0,005,0,000,0,421,0,000,0,000
557,ZAH, Rp140.000,00 ,2,9,80,0,00,0,004,0,005,0,012,0,110,0,000
558,ZAM, Rp722.500,00 ,2,362,112,0,00,0,024,0,005,0,499,0,154,0,000
559,ZB, Rp365.000,00 ,2,204,0,0,00,0,012,0,005,0,281,0,000,0,000
560,ZC, Rp365.000,00 ,2,278,0,0,00,0,012,0,005,0,383,0,000,0,000
561,ZD, Rp144.500,00 ,4,141,493,96,67,0,004,0,014,0,194,0,677,0,200
562,ZDR, Rp170.000,00 ,1,278,0,0,00,0,005,0,000,0,383,0,000,0,000
563,ZH, Rp667.142,86 ,7,42,682,67,89,0,022,0,029,0,058,0,937,0,140
564,ZI, Rp380.000,00 ,1,522,0,0,00,0,012,0,000,0,720,0,000,0,000
565,ZK, Rp285.000,00 ,6,236,403,67,28,0,009,0,024,0,326,0,554,0,139
566,ZM, Rp338.333,33 ,6,108,338,127,82,0,011,0,024,0,149,0,464,0,264
567,ZN, Rp207.500,00 ,4,121,574,329,67,0,006,0,014,0,167,0,788,0,682
568,ZP, Rp380.000,00 ,1,122,0,0,00,0,012,0,000,0,168,0,000,0,000
569,ZR, Rp486.666,67 ,3,203,182,128,69,0,016,0,010,0,280,0,250,0,266
570,ZS, Rp208.000,00 ,2,184,139,0,00,0,006,0,005,0,254,0,191,0,000
571,ZZ, Rp200.714,29 ,7,444,97,12,37,0,006,0,029,0,612,0,133,0,026
,,,,,,,,,,,
,,,,,,,,,,,
,,,,,,,,,,,
,,,,,,,,,,,
,,,,,,,,,,,
,,,,,,,,,,,
,,,,,,,,,,,
,,,,,,,,,,,
,,,,,,,,,,,
,,,,,,,,,,,
,,,,,,,,,,,
,,,,,,,,,,,
,,,,,,,,,,,
,,,,,,,,,,,
,,,,,,,,,,,
,,,,,,,,,,,
,,,,,,,,,,,
,,,,,,,,,,,
,,,,,,,,,,,
,,,,,,,,,,,
,,,,,,,,,,,
,,,,,,,,,,,
,,,,,,,,,,,
,,,,,,,,,,,
,,,,,,,,,,,
,,,,,,,,,,,
,,,,,,,,,,,
,,,,,,,,,,,
,,,,,,,,,,,
,,,,,,,,,,,
,,,,,,,,,,,
,,,,,,,,,,,
,,,,,,,,,,,
,,,,,,,,,,,
,,,,,,,,,,,
,,,,,,,,,,,
,,,,,,,,,,,
,,,,,,,,,,,
,,,,,,,,,,,
,,,,,,,,,,,
,,,,,,,,,,,
,,,,,,,,,,,
,,,,,,,,,,,
,,,,,,,,,,,
,,,,,,,,,,,
,,,,,,,,,,,
,,,,,,,,,,,
,,,,,,,,,,,
,,,,,,,,,,,
,,,,,,,,,,,
,,,,,,,,,,,
,,,,,,,,,,,
,,,,,,,,,,,
,,,,,,,,,,,
,,,,,,,,,,,
,,,,,,,,,,,
,,,,,,,,,,,
,,,,,,,,,,,
,,,,,,,,,,,
,,,,,,,,,,,
,,,,,,,,,,,
,,,,,,,,,,,
,,,,,,,,,,,
,,,,,,,,,,,
,,,,,,,,,,,
,,,,,,,,,,,
,,,,,,,,,,,
,,,,,,,,,,,
,,,,,,,,,,,
,,,,,,,,,,,
,,,,,,,,,,,
,,,,,,,,,,,
,,,,,,,,,,,
,,,,,,,,,,,
,,,,,,,,,,,
,,,,,,,,,,,
,,,,,,,,,,,
,,,,,,,,,,,
,,,,,,,,,,,
,,,,,,,,,,,
,,,,,,,,,,,
,,,,,,,,,,,
,,,,,,,,,,,
,,,,,,,,,,,
,,,,,,,,,,,
,,,,,,,,,,,
,,,,,,,,,,,
,,,,,,,,,,,
,,,,,,,,,,,
,,,,,,,,,,,
,,,,,,,,,,,
,,,,,,,,,,,
,,,,,,,,,,,
,,,,,,,,,,,
,,,,,,,,,,,
,,,,,,,,,,,
,,,,,,,,,,,
,,,,,,,,,,,
,,,,,,,,,,,
,,,,,,,,,,,
,,,,,,,,,,,
,,,,,,,,,,,
,,,,,,,,,,,
,,,,,,,,,,,
,,,,,,,,,,,
,,,,,,,,,,,
,,,,,,,,,,,
,,,,,,,,,,,
,,,,,,,,,,,
,,,,,,,,,,,
,,,,,,,,,,,
,,,,,,,,,,,
,,,,,,,,,,,
,,,,,,,,,,,
,,,,,,,,,,,
,,,,,,,,,,,
,,,,,,,,,,,
,,,,,,,,,,,
,,,,,,,,,,,
,,,,,,,,,,,
,,,,,,,,,,,
,,,,,,,,,,,
,,,,,,,,,,,
,,,,,,,,,,,
,,,,,,,,,,,
,,,,,,,,,,,
,,,,,,,,,,,
,,,,,,,,,,,
,,,,,,,,,,,
,,,,,,,,,,,
,,,,,,,,,,,
,,,,,,,,,,,
,,,,,,,,,,,
,,,,,,,,,,,
,,,,,,,,,,,
,,,,,,,,,,,
,,,,,,,,,,,
,,,,,,,,,,,
,,,,,,,,,,,
,,,,,,,,,,,
,,,,,,,,,,,
,,,,,,,,,,,
,,,,,,,,,,,
,,,,,,,,,,,
,,,,,,,,,,,
,,,,,,,,,,,
,,,,,,,,,,,
,,,,,,,,,,,
,,,,,,,,,,,
,,,,,,,,,,,
,,,,,,,,,,,
,,,,,,,,,,,
,,,,,,,,,,,
,,,,,,,,,,,
,,,,,,,,,,,
,,,,,,,,,,,
,,,,,,,,,,,
,,,,,,,,,,,
,,,,,,,,,,,
,,,,,,,,,,,
,,,,,,,,,,,
,,,,,,,,,,,
,,,,,,,,,,,
,,,,,,,,,,,
,,,,,,,,,,,
,,,,,,,,,,,
,,,,,,,,,,,
,,,,,,,,,,,
,,,,,,,,,,,
,,,,,,,,,,,
,,,,,,,,,,,
,,,,,,,,,,,
,,,,,,,,,,,
,,,,,,,,,,,
,,,,,,,,,,,
,,,,,,,,,,,
,,,,,,,,,,,
,,,,,,,,,,,
,,,,,,,,,,,
,,,,,,,,,,,
,,,,,,,,,,,
,,,,,,,,,,,
,,,,,,,,,,,
,,,,,,,,,,,
,,,,,,,,,,,
,,,,,,,,,,,
,,,,,,,,,,,
,,,,,,,,,,,
,,,,,,,,,,,
,,,,,,,,,,,
,,,,,,,,,,,
,,,,,,,,,,,
,,,,,,,,,,,
,,,,,,,,,,,
,,,,,,,,,,,
,,,,,,,,,,,
,,,,,,,,,,,
,,,,,,,,,,,
,,,,,,,,,,,
,,,,,,,,,,,
,,,,,,,,,,,
,,,,,,,,,,,
,,,,,,,,,,,
,,,,,,,,,,,
,,,,,,,,,,,
,,,,,,,,,,,
,,,,,,,,,,,
,,,,,,,,,,,
,,,,,,,,,,,
,,,,,,,,,,,
,,,,,,,,,,,
,,,,,,,,,,,
,,,,,,,,,,,
,,,,,,,,,,,
,,,,,,,,,,,
,,,,,,,,,,,
,,,,,,,,,,,
,,,,,,,,,,,
,,,,,,,,,,,
,,,,,,,,,,,
,,,,,,,,,,,
,,,,,,,,,,,
,,,,,,,,,,,
,,,,,,,,,,,
,,,,,,,,,,,
,,,,,,,,,,,
,,,,,,,,,,,
,,,,,,,,,,,
,,,,,,,,,,,
,,,,,,,,,,,
,,,,,,,,,,,
,,,,,,,,,,,
,,,,,,,,,,,
,,,,,,,,,,,
,,,,,,,,,,,
,,,,,,,,,,,
,,,,,,,,,,,
,,,,,,,,,,,
,,,,,,,,,,,
,,,,,,,,,,,
,,,,,,,,,,,
,,,,,,,,,,,
,,,,,,,,,,,
,,,,,,,,,,,
,,,,,,,,,,,
,,,,,,,,,,,
,,,,,,,,,,,
,,,,,,,,,,,
,,,,,,,,,,,
,,,,,,,,,,,
,,,,,,,,,,,
,,,,,,,,,,,
,,,,,,,,,,,
,,,,,,,,,,,
,,,,,,,,,,,
,,,,,,,,,,,
,,,,,,,,,,,
,,,,,,,,,,,
,,,,,,,,,,,
,,,,,,,,,,,
,,,,,,,,,,,
,,,,,,,,,,,
